Source File	Size	loadResources	load	generateSnapshots	load-configure	scan	loadDepInfo	loadInfo	checkR4R4B	generateNarratives	validate	loadLists	checkConformanceResources	checkConformanceResources2	checkConformanceResources3	generateLogicalMaps	validateExpressions	scanForUsageStats	checkURLsUnique	processProvenanceDetails	translate	generate1	generate2	generateLogicals	makeDependencies	generateExampleZip	generateValidationPack	scanProfilesForR5	scanExamplesForR5
/fsh-generated/resources/ImplementationGuide-ans.fhir.fr.pdsm4dmp.json	23377	-	0	0	0	0	0	0	22	79	0	0	1	0	0	0	0	1	0	0	39	207	452	0	0	0	6	0	2
fsh-generated/resources/Binary-AuthorDispositif.json	1341	3	0	0	1	0	0	0	0	0	0	0	0	0	0	0	0	0	0	0	11	8	13	0	0	0	0	0	0
fsh-generated/resources/Binary-AuthorInstitutionCabinetRPPS.json	1351	1	0	0	1	0	0	0	0	1	0	0	0	0	0	0	0	0	0	0	10	7	11	0	0	0	0	0	0
fsh-generated/resources/Binary-AuthorInstitutionSNR.json	1343	2	0	0	0	0	0	0	0	0	0	0	0	0	0	0	0	0	0	0	9	9	11	0	0	0	0	0	0
fsh-generated/resources/Binary-AuthorInstitutionStructure.json	1349	1	0	0	0	0	0	0	0	0	0	0	0	0	0	0	0	0	0	0	9	8	11	0	0	0	0	0	0
fsh-generated/resources/Binary-AuthorPSCabinetRPPS.json	1344	1	0	0	0	0	0	0	0	1	0	0	0	0	0	0	0	0	0	0	9	7	11	0	0	0	0	0	0
fsh-generated/resources/Binary-AuthorPatient.json	1338	1	0	0	0	0	0	0	0	0	0	0	0	0	0	0	0	0	0	0	9	7	11	0	0	0	0	0	0
fsh-generated/resources/Binary-AuthorStructure.json	1340	1	0	0	0	0	0	0	0	0	0	0	0	0	0	0	0	0	0	0	9	6	14	0	0	0	0	0	0
fsh-generated/resources/ConceptMap-documentReferenceToPDSM.json	7426	4	0	0	0	0	0	0	1	31	0	0	0	0	0	0	0	0	0	0	10	81	203	0	0	0	2	0	0
fsh-generated/resources/ConceptMap-submissionSetToPDSM.json	3412	2	0	0	0	0	0	0	1	331	0	0	0	0	0	0	0	0	0	0	9	36	87	0	0	0	1	0	0
fsh-generated/resources/DocumentReference-example-td3-1a-cr-consultation.json	3088	3	0	0	0	0	0	0	1	1438	0	0	0	0	0	0	0	0	0	0	17	35	38	0	0	0	0	0	0
fsh-generated/resources/DocumentReference-example-td3-1a-fhir-document.json	3049	3	0	0	0	0	0	0	1	214	0	0	0	0	0	0	0	0	0	0	8	32	28	0	0	0	0	0	0
fsh-generated/resources/DocumentReference-example-td3-1a-ordonnance.json	3017	2	0	0	0	0	0	0	0	20	0	0	0	0	0	0	0	0	0	0	8	31	21	0	0	0	0	0	0
fsh-generated/resources/StructureDefinition-ActorPS.json	2260	3	0	25	0	0	1	0	0	75	0	0	0	0	0	0	0	1	0	0	2	118	1011	0	0	0	3	0	0
fsh-generated/resources/StructureDefinition-ActorPatient.json	2164	2	0	11	0	0	0	0	0	20	0	0	0	0	1	0	0	0	0	0	1	108	277	0	0	0	3	0	0
fsh-generated/resources/StructureDefinition-ActorSNR.json	2209	3	0	12	0	0	0	0	0	20	0	0	1	0	0	0	0	0	0	0	0	107	257	0	0	0	3	0	0
fsh-generated/resources/StructureDefinition-ActorSystem.json	2127	2	0	11	1	0	0	0	0	19	0	0	0	0	0	0	0	0	0	0	1	110	243	0	0	0	3	0	0
fsh-generated/resources/StructureDefinition-ActorXDS.json	5924	4	0	1	0	0	0	0	0	20	0	0	0	0	0	0	0	0	0	0	4	101	216	0	0	0	3	0	1
fsh-generated/resources/StructureDefinition-Author.json	4643	2	0	17	0	0	0	0	0	21	0	0	1	0	1	0	0	0	0	0	3	103	217	0	1	0	3	0	0
fsh-generated/resources/StructureDefinition-AuthorDocumentEntry.json	4337	3	0	11	0	0	0	0	0	15	0	0	0	0	0	0	0	0	0	0	2	83	187	0	0	0	2	0	0
fsh-generated/resources/StructureDefinition-AuthorInstitution.json	7143	3	0	8	0	0	0	0	0	18	0	0	0	0	0	0	0	1	0	0	4	111	269	0	0	0	7	0	0
fsh-generated/resources/StructureDefinition-AuthorSubmissionSet.json	2401	3	0	8	0	0	0	0	0	13	0	0	0	0	0	0	0	0	0	0	2	69	231	0	0	0	1	0	0
fsh-generated/resources/StructureDefinition-DocumentEntry.json	21414	7	0	30	0	0	0	0	0	139	0	0	1	0	0	0	0	0	0	0	12	294	476	0	0	0	12	0	0
fsh-generated/resources/StructureDefinition-EventCode.json	1766	2	0	5	0	0	0	0	0	10	0	0	0	0	1	0	0	0	0	0	1	34	144	0	0	0	2	0	1
fsh-generated/resources/StructureDefinition-Folder.json	6382	3	0	10	0	0	0	0	0	25	0	0	0	0	0	0	0	0	0	0	4	91	190	0	0	0	3	0	0
fsh-generated/resources/StructureDefinition-Identifiant.json	1638	2	0	4	0	0	0	0	0	16	0	0	1	0	0	0	0	0	0	0	1	49	144	0	0	0	2	0	0
fsh-generated/resources/StructureDefinition-IdentifiantSysteme.json	1054	2	0	5	0	0	0	1	0	9	0	0	0	0	0	0	0	0	0	0	0	35	147	0	0	0	2	0	0
fsh-generated/resources/StructureDefinition-MatriculeINS.json	1397	2	0	4	0	0	0	0	0	7	0	0	0	0	0	0	0	0	0	0	1	33	140	0	0	0	1	0	0
fsh-generated/resources/StructureDefinition-PSIdNat.json	2251	1	0	4	0	0	0	0	0	8	0	0	0	0	1	0	0	0	0	0	2	35	143	0	0	0	1	0	0
fsh-generated/resources/StructureDefinition-PatientId.json	2528	2	0	5	1	0	0	0	0	8	0	0	1	0	0	0	0	0	0	0	1	43	193	0	0	0	2	0	0
fsh-generated/resources/StructureDefinition-SNR.json	1055	2	0	2	0	0	0	0	0	6	0	0	0	0	0	0	0	0	0	0	1	30	135	0	0	0	1	0	0
fsh-generated/resources/StructureDefinition-SourcePatientId.json	2661	2	0	5	0	0	0	0	0	8	0	0	0	0	0	0	0	0	0	0	2	44	139	0	0	0	2	0	0
fsh-generated/resources/StructureDefinition-SourcePatientInfo.json	4955	3	0	6	0	0	0	0	0	14	0	0	0	0	1	0	0	0	0	0	4	80	197	0	0	0	3	0	0
fsh-generated/resources/StructureDefinition-StructIdNat.json	1629	1	0	4	0	0	0	0	0	7	0	0	0	0	0	0	0	0	0	0	1	33	180	0	0	0	2	0	0
fsh-generated/resources/StructureDefinition-SubmissionSet.json	8029	4	0	12	0	0	0	0	0	17	0	0	1	0	0	0	0	1	0	0	4	100	221	0	0	0	4	0	0
input/examples/Bundle-example-td2-1-remplacement.json	7701	4	21	0	0	0	0	0	2	217	0	0	0	0	0	0	0	0	0	0	9	28	62	0	0	0	0	0	1
input/examples/Bundle-example-td2-iti65-lot-soumission.json	6970	4	2	0	0	0	0	0	0	14	0	0	0	0	0	0	0	0	0	0	7	20	45	0	0	0	0	0	0
input/examples/DocumentReference-doc-x-id.json	2801	2	0	0	0	0	0	0	1	118	0	0	0	0	0	0	0	0	0	0	6	22	19	0	0	0	0	0	0
input/examples/DocumentReference-example-td2-iti105-publication-simplifiee.json	1258	2	0	0	0	0	0	0	0	9	0	0	0	0	0	0	0	0	0	0	5	16	14	0	0	0	0	0	0
/fsh-generated/includes/menu.xml	3665	-	-	-	0	0	0	0	0	0	0	0	0	0	0	0	0	0	0	0	0	0	1	0	0	0	0	0	0
/fsh-generated/includes/fsh-link-references.md	2234	-	-	-	0	0	0	0	0	0	0	0	0	0	0	0	0	0	0	0	0	0	0	0	0	0	0	0	0
/input/data/features.yml	164	-	-	-	0	0	0	0	0	0	0	0	0	0	0	0	0	0	0	0	0	0	1	0	0	0	0	0	0
/input/pagecontent/securite.md	900	-	-	-	0	0	0	0	0	0	0	0	0	0	0	0	0	0	0	0	0	0	0	0	0	0	0	0	0
/input/pagecontent/transaction_td3.3a.md	4695	-	-	-	0	0	0	0	0	0	0	0	0	0	0	0	0	0	0	0	0	0	0	0	0	0	0	0	0
/input/pagecontent/transaction_td3.3c.md	3209	-	-	-	0	0	0	0	0	0	0	0	0	0	0	0	0	0	0	0	0	0	0	0	0	0	0	0	0
/input/pagecontent/autres_ressources.md	155	-	-	-	0	0	0	0	0	0	0	0	0	0	0	0	0	0	0	0	0	0	1	0	0	0	0	0	0
/input/pagecontent/annexe.md	119	-	-	-	0	0	0	0	0	0	0	0	0	0	0	0	0	0	0	0	0	0	0	0	0	0	0	0	0
/input/pagecontent/tests.md	1184	-	-	-	0	0	0	0	0	0	0	0	0	0	0	0	0	0	0	0	0	0	0	0	0	0	0	0	0
/input/pagecontent/StructureDefinition-SourcePatientInfo-intro.md	232	-	-	-	0	0	0	0	0	0	0	0	0	0	0	0	0	0	0	0	0	0	0	0	0	0	0	0	0
/input/pagecontent/transaction_td3.1b.md	3446	-	-	-	0	0	0	0	0	0	0	0	0	0	0	0	0	0	0	0	0	0	1	0	0	0	0	0	0
/input/pagecontent/annexe_dates_xds_fhir.md	3637	-	-	-	0	0	0	0	0	0	0	0	0	0	0	0	0	0	0	0	0	0	0	0	0	0	0	0	0
/input/pagecontent/StructureDefinition-Author-intro.md	165	-	-	-	0	0	0	0	0	0	0	0	0	0	0	0	0	0	0	0	0	0	1	0	0	0	0	0	0
/input/pagecontent/transaction_td3.1a.md	6458	-	-	-	0	0	0	0	0	0	0	0	0	0	0	0	0	0	0	0	0	0	0	0	0	0	0	0	0
/input/pagecontent/transaction_td2.1.md	4423	-	-	-	0	0	0	0	0	0	0	0	0	0	0	0	0	0	0	0	0	0	1	0	0	0	0	0	0
/input/pagecontent/StructureDefinition-PatientId-intro.md	330	-	-	-	0	0	0	0	0	0	0	0	0	0	0	0	0	0	0	0	0	0	0	0	0	0	0	0	0
/input/pagecontent/transaction_td3.3d.md	4108	-	-	-	0	0	0	0	0	0	0	0	0	0	0	0	0	0	0	0	0	0	1	0	0	0	0	0	0
/input/pagecontent/transaction_td3.3b.md	4904	-	-	-	0	0	0	0	0	0	0	0	0	0	0	0	0	0	0	0	0	0	0	0	0	0	0	0	0
/input/pagecontent/StructureDefinition-LegalAuthentificator.md	442	-	-	-	0	0	0	0	0	0	0	0	0	0	0	0	0	0	0	0	0	0	0	0	0	0	0	0	0
/input/pagecontent/exemples_usage_dmp.md	16435	-	-	-	0	0	0	0	0	0	0	0	0	0	0	0	0	0	0	0	0	0	1	0	0	0	0	0	0
/input/pagecontent/transaction_td02.md	7017	-	-	-	0	0	0	0	0	0	0	0	0	0	0	0	0	0	0	0	0	0	2	0	0	0	0	0	0
/input/pagecontent/StructureDefinition-AuthorPerson-intro.md	489	-	-	-	0	0	0	0	0	0	0	0	0	0	0	0	0	0	0	0	0	0	0	0	0	0	0	0	0
/input/pagecontent/annexe_identifiants_xds_fhir.md	4160	-	-	-	0	0	0	0	0	0	0	0	0	0	0	0	0	0	0	0	0	0	0	0	0	0	0	0	0
/input/pagecontent/downloads.md	1727	-	-	-	0	0	0	0	0	0	0	0	0	0	0	0	0	0	0	0	0	0	1	0	0	0	0	0	0
/input/pagecontent/change-log.md	1214	-	-	-	0	0	0	0	0	0	0	0	0	0	0	0	0	0	0	0	0	0	0	0	0	0	0	0	0
/input/pagecontent/StructureDefinition-AuthorInstitution-intro.md	159	-	-	-	0	0	0	0	0	0	0	0	0	0	0	0	0	0	0	0	0	0	0	0	0	0	0	0	0
/input/pagecontent/translationinfo.md	157	-	-	-	0	0	0	0	0	0	0	0	0	0	0	0	0	0	0	0	0	0	0	0	0	0	0	0	0
/input/pagecontent/index.md	7148	-	-	-	0	0	0	0	0	0	0	0	0	0	0	0	0	0	0	0	0	0	1	0	0	0	0	0	0
/input/pagecontent/transaction_td3.2.md	4118	-	-	-	0	0	0	0	0	0	0	0	0	0	0	0	0	0	0	0	0	0	0	0	0	0	0	0	0
/input/pagecontent/StructureDefinition-SourcePatientId-intro.md	54	-	-	-	0	0	0	0	0	0	0	0	0	0	0	0	0	0	0	0	0	0	0	0	0	0	0	0	0
/input/pagecontent/specifications_fonctionnelles.md	0	-	-	-	0	0	0	0	0	0	0	0	0	0	0	0	0	0	0	0	0	0	0	0	0	0	0	0	0
/input/pagecontent/transaction_td2.md	4887	-	-	-	0	0	0	0	0	0	0	0	0	0	0	0	0	0	0	0	0	0	1	0	0	0	0	0	0
/input/pagecontent/specifications_techniques.md	0	-	-	-	0	0	0	0	0	0	0	0	0	0	0	0	0	0	0	0	0	0	0	0	0	0	0	0	0
/template/config	0	-	-	-	0	0	0	0	0	0	0	0	0	0	0	0	0	0	0	0	0	0	0	0	0	0	0	0	0
/template/config/_config.yml	140	-	-	-	0	0	0	0	0	0	0	0	0	0	0	0	0	0	0	0	0	0	0	0	0	0	0	0	0
/input/images	0	-	-	-	0	0	0	0	0	0	0	0	0	0	0	0	0	0	0	0	0	0	0	0	0	0	0	0	0
/input/images/ci-sis-logo.png	61365	-	-	-	0	0	0	0	0	0	0	0	0	0	0	0	0	0	0	0	0	0	1	0	0	0	0	0	0
/input/images/anImage.png	36288	-	-	-	0	0	0	0	0	0	0	0	0	0	0	0	0	0	0	0	0	0	0	0	0	0	0	0	0
/temp/pages/_includes/artifacts.xml	28392	-	-	-	-	-	-	-	-	-	-	-	-	-	-	-	-	-	-	-	-	-	2	0	0	0	0	0	0
